Alpha,CL,CD
-0.05,-0.0126,0.00809
2.05,0.2125,0.00816
4.04,0.4316,0.00823
6.09,0.6546,0.00885
