Alpha,CL,CD
0.04,0.0001,0.00657
0.05,0.0013,0.00657
2.05,0.2216,0.00698
4.19,0.4561,0.00672
6.2,0.6781,0.00743
